<?xml version="1.0" encoding="UTF-8"?>
<beans xmlns="http://www.springframework.org/schema/beans"
       xmlns:xsi="http://www.w3.org/2001/XMLSchema-instance"
       xmlns:aop="http://www.springframework.org/schema/aop"
       xmlns:context="http://www.springframework.org/schema/context"
       xmlns:tx="http://www.springframework.org/schema/tx"
       xsi:schemaLocation="http://www.springframework.org/schema/aop http://www.springframework.org/schema/aop/spring-aop-4.0.xsd
        http://www.springframework.org/schema/beans http://www.springframework.org/schema/beans/spring-beans-4.0.xsd
        http://www.springframework.org/schema/context http://www.springframework.org/schema/context/spring-context-4.0.xsd
        http://www.springframework.org/schema/tx http://www.springframework.org/schema/tx/spring-tx-4.0.xsd">

    <!-- 自动扫描 -->
<!--    <context:component-scan base-package="com.yx.pwms">-->
<!--        <context:exclude-filter type="annotation" expression="org.springframework.stereotype.Controller"/>-->
<!--    </context:component-scan>-->
    <context:component-scan base-package="com.yx.pwms.dao"/>
    <context:component-scan base-package="com.yx.pwms.service"/>

    <!-- 配置Druid Start -->

    <!-- 配置数据源 -->
    <bean class="org.springframework.beans.factory.config.PropertyPlaceholderConfigurer">
        <property name="locations">
            <list>
                <value>classpath*:/jdbc-druid-config.properties</value>
            </list>
        </property>
    </bean>

    <!-- 数据源 -->
    <bean id="dataSource" class="com.alibaba.druid.pool.DruidDataSource" init-method="init" destroy-method="close">
        <!-- 基本属性 url、user、password -->
        <property name="driverClassName" value="${jdbc.driver}"/>
        <property name="url" value="${jdbc.url}"/>
        <property name="username" value="${jdbc.username}"/>
        <property name="password" value="${jdbc.password}"/>
        <!-- 配置初始化大小、最小、最大 -->
        <property name="initialSize" value="${druid.initialSize}"/>
        <property name="minIdle" value="${druid.minIdle}"/>
        <property name="maxActive" value="${druid.maxActive}"/>
        <!-- 配置获取连接等待超时的时间 -->
        <property name="maxWait" value="${druid.maxWait}"/>
        <!-- 配置间隔多久才进行一次检测，检测需要关闭的空闲连接，单位是毫秒 -->
        <property name="timeBetweenEvictionRunsMillis" value="${druid.timeBetweenEvictionRunsMillis}" />
        <!-- 配置一个连接在池中最小生存的时间，单位是毫秒 -->
        <property name="minEvictableIdleTimeMillis" value="${druid.minEvictableIdleTimeMillis}" />
        <!--用来检测连接是否有效的sql，要求是一个查询语句。如果validationQuery为null，testOnBorrow、testOnReturn、testWhileIdle都不会其作用。-->
        <property name="validationQuery" value="${druid.validationQuery}" />
        <!--申请连接的时候检测，如果空闲时间大于timeBetweenEvictionRunsMillis，执行validationQuery检测连接是否有效。-->
        <property name="testWhileIdle" value="${druid.testWhileIdle}" />
        <!-- 申请连接时执行validationQuery检测连接是否有效，做了这个配置会降低性能 -->
        <property name="testOnBorrow" value="${druid.testOnBorrow}" />
        <!-- 归还连接时执行validationQuery检测连接是否有效，做了这个配置会降低性能-->
        <property name="testOnReturn" value="${druid.testOnReturn}" />
        <!-- 打开PSCache，并且指定每个连接上PSCache的大小  如果用Oracle，则把poolPreparedStatements配置为true，mysql可以配置为false。-->
        <property name="poolPreparedStatements" value="${druid.poolPreparedStatements}" />
        <property name="maxPoolPreparedStatementPerConnectionSize" value="${druid.maxPoolPreparedStatementPerConnectionSize}" />
        <!-- 配置监控统计拦截的filters -->
        <property name="filters" value="${druid.filters}"/>
        <!--Start 慢sql监控及log4j设置-->
        <property name="proxyFilters">
            <list>
                <ref bean="stat-filter"/>
            </list>
        </property>
        <!--End 慢sql监控及log4j设置,不想监控的话将proxyFilters属性删除即可 -->
    </bean>

    <!-- 慢SQL记录 -->
    <bean id="stat-filter" class="com.alibaba.druid.filter.stat.StatFilter">
        <property name="mergeSql" value="true"/>
        <!-- 慢sql时间设置,即执行时间大于200毫秒的都是慢sql -->
        <property name="slowSqlMillis" value="200"/>
        <property name="logSlowSql" value="true"/>
    </bean>
    <!-- Start 监控spring的切面-->
    <bean id="druid-stat-interceptor"
          class="com.alibaba.druid.support.spring.stat.DruidStatInterceptor">
    </bean>

    <bean id="druid-stat-pointcut" class="org.springframework.aop.support.JdkRegexpMethodPointcut"
          scope="prototype">
        <property name="patterns">
            <list>
                <value>com.yx.pwms.service.*</value>
                <value>com.yx.pwms.dao.*</value>
            </list>
        </property>
    </bean>

    <aop:config>
        <aop:advisor advice-ref="druid-stat-interceptor" pointcut-ref="druid-stat-pointcut"/>
    </aop:config>
    <!-- END 监控spring的切面-->


    <!-- 配置mybatis的sqlSessionFactory -->
    <bean id="sqlSessionFactory" class="org.mybatis.spring.SqlSessionFactoryBean">
        <property name="dataSource" ref="dataSource"/>
        <!-- 自动扫描mappers.xml文件 -->
        <property name="mapperLocations" value="classpath:mappers/*.xml"></property>
        <!-- mybatis配置文件 -->
        <property name="configLocation" value="classpath:mybatis-config.xml"></property>
    </bean>

    <!-- DAO接口所在包名，Spring会自动查找其下的类 -->
    <bean class="org.mybatis.spring.mapper.MapperScannerConfigurer">
        <property name="basePackage" value="com.yx.pwms.dao"/>
        <property name="sqlSessionFactoryBeanName" value="sqlSessionFactory"></property>
    </bean>

    <!-- (事务管理)transaction manager, use JtaTransactionManager for global tx -->
    <bean id="transactionManager"
          class="org.springframework.jdbc.datasource.DataSourceTransactionManager">
        <property name="dataSource" ref="dataSource"/>
    </bean>

    <!-- 配置事务通知属性 -->
    <tx:advice id="txAdvice" transaction-manager="transactionManager">
        <!-- 定义事务传播属性 -->
        <tx:attributes>
            <tx:method name="insert*" propagation="REQUIRED"/>
            <tx:method name="update*" propagation="REQUIRED"/>
            <tx:method name="upd*" propagation="REQUIRED"/>
            <tx:method name="edit*" propagation="REQUIRED"/>
            <tx:method name="save*" propagation="REQUIRED"/>
            <tx:method name="add*" propagation="REQUIRED"/>
            <tx:method name="new*" propagation="REQUIRED"/>
            <tx:method name="set*" propagation="REQUIRED"/>
            <tx:method name="remove*" propagation="REQUIRED"/>
            <tx:method name="delete*" propagation="REQUIRED"/>
            <tx:method name="del*" propagation="REQUIRED"/>
            <tx:method name="change*" propagation="REQUIRED"/>
            <tx:method name="check*" propagation="REQUIRED"/>
            <tx:method name="get*" propagation="REQUIRED" read-only="true"/>
            <tx:method name="search*" propagation="REQUIRED" read-only="true"/>
            <tx:method name="find*" propagation="REQUIRED" read-only="true"/>
            <tx:method name="load*" propagation="REQUIRED" read-only="true"/>
            <tx:method name="*" propagation="REQUIRED" read-only="true"/>
        </tx:attributes>
    </tx:advice>

    <!-- 配置事务切面 -->
    <aop:config>
        <aop:pointcut id="serviceOperation"
                      expression="(execution(* com.yx.pwms.service.*.*(..)))"/>
        <aop:advisor advice-ref="txAdvice" pointcut-ref="serviceOperation"/>
    </aop:config>

</beans>